{"iter": 10000, "train/loss": 2.278712272644043, "val/loss": 2.570852041244507, "lr": 1e-05, "_timestamp": 1675028783.6547832, "_runtime": 4720.364016294479, "_step": 50, "_wandb": {"runtime": 4753}}