{"iter": 6000, "train/loss": 2.4691529273986816, "val/loss": 2.9502522945404053, "lr": 1e-05, "_timestamp": 1675023392.7002773, "_runtime": 2899.386170387268, "_step": 30, "_wandb": {"runtime": 2929}}