{"iter": 3400, "train/loss": 2.6952223777770996, "val/loss": 2.8236188888549805, "lr": 1e-05, "_timestamp": 1675013752.6039636, "_runtime": 1588.77108168602, "_step": 17}